ui_name,item_id,armor_type_id,noise,stab_def,slash_def,smash_def,max_status,charisma,conspicuousness,visibility,weight,name,category
ui_nm_krouz_nohy,44135951-cf1c-f2fd-15f0-0f0ea223a584,4,100.0,8.4,10.5,16.8,70,18,56.00000000000001,67.0,8.0,Chausses (Mail),Legs II
ui_nm_pros_nohy,4156d594-be4a-71c2-8ede-4d517ac668a5,7,5.7142859999999995,4.680000000000001,5.85,9.360000000000001,43,9,33.5,40.0,4.0,Chausses (Padded),Legs II
ui_nm_pros_nohy,4d72afbc-18ac-6ef6-50f1-b9e1f6774b82,7,0.0,4.680000000000001,5.85,9.360000000000001,43,9,29.000000000000004,34.0,4.0,Chausses (Padded),Legs II
ui_nm_qa_legs_001_bonus,4572c66d-bdf2-fa90-def9-c6fd3e877ca9,7,14.285709999999998,6.5200000000000005,8.149999999999999,13.040000000000001,57,15,52.0,60.0,3.0,Chausses (Warhorse),Legs II
